stt,ngay_gio,phien,loc_phien_chet,nhanh,huong,entry,SL,TP,RR,KQ,R,VSA,climax,hop_luu,grade,retrace,leg_gia,hap_thu,rut_rau,tp_vuong_vung,chi_tiet,diem_1_5(dien),ly_do(dien)
1,2026-05-22 07:10,DEM,,QUAY_DAU,SHORT,4559.3,4561.0,4556.75,1.5,WIN,+1.5,2.20,tim,0,B,,,✓,✓,,đảo chiều VWAP 4560.581 · rút râu trên · VSA 2.2x tím · hấp thụ ✓,,
2,2026-05-26 11:25,A,,CBR,SHORT,4558.0,4561.0,4549.0,3,WIN,+3.0,2.41,tim,1,B,77%,2.2,,,,phá 4560.8 · hồi 77% · leg 2.2giá · VSA 2.4x tím,,
3,2026-05-26 12:30,A,,CBR,SHORT,4536.3,4539.4,4527.0,3,LOSS,-1.0,3.01,tim,1,B,51%,4.3,,,,phá 4541.3 · hồi 51% · leg 4.3giá · VSA 3.0x tím,,
4,2026-05-26 17:34,Au,,CBR,SHORT,4533.1,4536.1,4524.1,3,WIN,+3.0,8.54,tim,0,B,61%,6.2,,,,phá 4537.2 · hồi 61% · leg 6.2giá · VSA 8.5x tím,,
5,2026-05-26 17:58,Au,,CBR,SHORT,4523.6,4527.2,4512.8,3,WIN,+3.0,2.30,tim,0,B,83%,3.6,,,,phá 4527.6 · hồi 83% · leg 3.6giá · VSA 2.3x tím,,
6,2026-05-27 05:23,DEM,BỎ(phiên chết),CBR,SHORT,4537.2,4540.2,4528.2,3,LOSS,-1.0,2.30,tim,0,B,54%,4.8,,,1.5R,phá 4540.9 · hồi 54% · leg 4.8giá · VSA 2.3x tím · TP vướng vùng ↧1.5R,,
7,2026-05-27 05:41,DEM,BỎ(phiên chết),CBR,SHORT,4527.5,4533.1,4510.7,3,LOSS,-1.0,2.24,tim,1,B,66%,11.1,,,2.6R,phá 4536.7 · hồi 66% · leg 11.1giá · VSA 2.2x tím · TP vướng vùng ↧2.6R,,
8,2026-05-27 06:21,DEM,BỎ(phiên chết),CBR,SHORT,4516.5,4522.6,4498.2,3,LOSS,-1.0,4.23,tim,0,B,69%,6.2,,,0.6R,phá 4524.3 · hồi 69% · leg 6.2giá · VSA 4.2x tím · TP vướng vùng ↧0.6R,,
9,2026-05-27 10:23,A,,CBR,SHORT,4509.7,4512.9,4500.1,3,WIN,+3.0,2.72,tim,0,B,75%,3.6,,,,phá 4513.6 · hồi 75% · leg 3.6giá · VSA 2.7x tím,,
10,2026-05-27 10:44,A,,CBR,SHORT,4496.2,4500.6,4483.0,3,WIN,+3.0,4.14,tim,0,B,84%,9.7,,,,phá 4502.0 · hồi 84% · leg 9.7giá · VSA 4.1x tím,,
11,2026-05-27 20:59,My,,QUAY_DAU,LONG,4488.5,4486.379,4491.681,1.5,WIN,+1.5,3.12,tim,0,B,,,✓,✓,,đảo chiều VWAP 4486.579 · rút râu dưới · VSA 3.1x tím · hấp thụ ✓,,
12,2026-05-27 22:38,My,,QUAY_DAU,LONG,4492.3,4489.4,4496.65,1.5,LOSS,-1.0,2.88,tim,0,B,,,✓,✓,,đảo chiều VWAP 4490.776 · rút râu dưới · VSA 2.9x tím · hấp thụ ✓,,
13,2026-05-28 01:21,My,,CBR,SHORT,4460.8,4465.8,4445.8,3,WIN,+3.0,2.30,tim,0,B,40%,9.0,,,0.8R,phá 4471.0 · hồi 40% · leg 9.0giá · VSA 2.3x tím · TP vướng vùng ↧0.8R,,
14,2026-05-28 10:53,A,,CBR,SHORT,4409.3,4414.1,4394.9,3,LOSS,-1.0,3.66,tim,0,B,45%,18.6,,,1.9R,phá 4424.1 · hồi 45% · leg 18.6giá · VSA 3.7x tím · TP vướng vùng ↧1.9R,,
15,2026-05-28 16:23,Au,,CBR,LONG,4528.2,4525.0,4537.8,3,WIN,+3.0,2.59,tim,1,B,41%,12.8,,,0.7R,phá 4517.7 · hồi 41% · leg 12.8giá · VSA 2.6x tím · TP vướng vùng ↧0.7R,,
16,2026-05-29 05:59,DEM,BỎ(phiên chết),CBR,LONG,4545.8,4541.5,4558.7,3,LOSS,-1.0,2.95,tim,0,B,71%,7.5,,,0.3R,phá 4539.5 · hồi 71% · leg 7.5giá · VSA 3.0x tím · TP vướng vùng ↧0.3R,,
17,2026-05-29 07:44,DEM,BỎ(phiên chết),CBR,LONG,4556.0,4550.7,4571.9,3,LOSS,-1.0,3.46,tim,0,B,49%,10.5,,,1.7R,phá 4545.5 · hồi 49% · leg 10.5giá · VSA 3.5x tím · TP vướng vùng ↧1.7R,,
18,2026-05-29 09:50,A,,CBR,LONG,4569.6,4565.4,4582.2,3,LOSS,-1.0,2.85,tim,1,B,65%,4.9,,,,phá 4563.9 · hồi 65% · leg 4.9giá · VSA 2.8x tím,,
19,2026-05-29 10:45,A,,CBR,LONG,4570.9,4567.1,4582.3,3,LOSS,-1.0,7.08,tim,0,B,72%,9.9,,,,phá 4564.5 · hồi 72% · leg 9.9giá · VSA 7.1x tím,,
20,2026-05-29 14:04,Au,,CBR,LONG,4578.9,4573.7,4594.5,3,LOSS,-1.0,3.51,tim,0,B,68%,9.2,,,,phá 4571.0 · hồi 68% · leg 9.2giá · VSA 3.5x tím,,
21,2026-05-29 16:37,Au,,CBR,LONG,4602.5,4598.6,4614.2,3,LOSS,-1.0,5.42,tim,0,B,57%,4.2,,,,phá 4597.0 · hồi 57% · leg 4.2giá · VSA 5.4x tím,,
22,2026-06-02 06:27,DEM,BỎ(phiên chết),CBR,LONG,4560.7,4556.0,4574.8,3,LOSS,-1.0,2.31,tim,1,B,79%,6.1,,,1.0R,phá 4554.9 · hồi 79% · leg 6.1giá · VSA 2.3x tím · TP vướng vùng ↧1.0R,,
23,2026-06-02 08:05,A,,CBR,LONG,4566.6,4563.0,4577.4,3,LOSS,-1.0,2.45,tim,0,B,82%,5.1,,,3.0R,phá 4562.3 · hồi 82% · leg 5.1giá · VSA 2.4x tím · TP vướng vùng ↧3.0R,,
24,2026-06-02 12:25,A,,CBR,LONG,4562.8,4559.0,4574.2,3,LOSS,-1.0,3.48,tim,0,B,88%,3.2,,,0.3R,phá 4558.8 · hồi 88% · leg 3.2giá · VSA 3.5x tím · TP vướng vùng ↧0.3R,,
25,2026-06-02 13:59,A,,CBR,SHORT,4532.1,4535.4,4522.2,3,LOSS,-1.0,2.06,-,0,B,79%,3.4,,,0.3R,phá 4535.9 · hồi 79% · leg 3.4giá · VSA 2.1x · TP vướng vùng ↧0.3R,,
26,2026-06-03 01:04,My,,CBR,SHORT,4501.7,4507.7,4483.7,3,LOSS,-1.0,3.54,tim,1,B,48%,12.5,,,0.1R,phá 4514.0 · hồi 48% · leg 12.5giá · VSA 3.5x tím · TP vướng vùng ↧0.1R,,
27,2026-06-03 08:54,A,,CBR,SHORT,4473.3,4477.0,4462.2,3,LOSS,-1.0,9.63,tim,0,B,55%,11.8,,,,phá 4482.1 · hồi 55% · leg 11.8giá · VSA 9.6x tím,,
28,2026-06-03 09:34,A,,CBR,SHORT,4470.3,4473.4,4461.0,3,LOSS,-1.0,4.73,tim,0,B,90%,6.7,,,,phá 4473.9 · hồi 90% · leg 6.7giá · VSA 4.7x tím,,
29,2026-06-03 10:08,A,,QUAY_DAU,SHORT,4490.4,4496.1,4481.85,1.5,WIN,+1.5,3.05,tim,1,B,,,✓,✓,0.4R,đảo chiều VWAP 4494.765 · rút râu trên · VSA 3.1x tím · hấp thụ ✓ · TP vướng vùng ↧0.4R,,
30,2026-06-04 16:15,Au,,CBR,LONG,4508.4,4505.4,4517.4,3,LOSS,-1.0,3.71,tim,1,B,89%,5.4,,,1.1R,phá 4506.4 · hồi 89% · leg 5.4giá · VSA 3.7x tím · TP vướng vùng ↧1.1R,,
31,2026-06-04 18:58,Au,,QUAY_DAU,LONG,4505.4,4504.2,4507.2,1.5,WIN,+1.5,2.25,tim,0,B,,,✓,✓,,đảo chiều VWAP 4505.338 · rút râu dưới · VSA 2.2x tím · hấp thụ ✓,,
32,2026-06-05 02:40,DEM,BỎ(phiên chết),CBR,SHORT,4469.8,4473.6,4458.4,3,LOSS,-1.0,3.15,tim,1,B,67%,8.2,,,1.3R,phá 4476.1 · hồi 67% · leg 8.2giá · VSA 3.2x tím · TP vướng vùng ↧1.3R,,
33,2026-06-08 01:07,My,,QUAY_DAU,LONG,4358.8,4354.3,4365.55,1.5,LOSS,-1.0,1.87,-,0,B,,,,✓,1.4R,đảo chiều VWAP 4356.916 · rút râu dưới · VSA 1.9x · TP vướng vùng ↧1.4R,,
34,2026-06-08 14:39,Au,,QUAY_DAU,LONG,4344.5,4338.8,4353.05,1.5,WIN,+1.5,2.74,tim,0,B,,,✓,✓,1.4R,đảo chiều VWAP 4339.09 · rút râu dưới · VSA 2.7x tím · hấp thụ ✓ · TP vướng vùng ↧1.4R,,
35,2026-06-09 05:39,DEM,BỎ(phiên chết),CBR,LONG,4367.5,4363.9,4378.3,3,LOSS,-1.0,2.17,-,0,B,46%,9.4,,,0.3R,phá 4359.0 · hồi 46% · leg 9.4giá · VSA 2.2x · TP vướng vùng ↧0.3R,,
36,2026-06-09 09:25,A,,QUAY_DAU,LONG,4356.7,4355.392,4358.662,1.5,LOSS,-1.0,3.60,tim,0,B,,,✓,✓,,đảo chiều VWAP 4355.592 · rút râu dưới · VSA 3.6x tím · hấp thụ ✓,,
37,2026-06-09 10:17,A,,CBR,LONG,4360.4,4357.4,4369.4,3,LOSS,-1.0,3.68,tim,0,B,43%,5.4,,,1.3R,phá 4355.0 · hồi 43% · leg 5.4giá · VSA 3.7x tím · TP vướng vùng ↧1.3R,,
38,2026-06-09 13:31,A,,QUAY_DAU,SHORT,4356.0,4357.7,4353.45,1.5,LOSS,-1.0,1.93,-,1,B,,,,✓,0.1R,đảo chiều VWAP 4357.415 · rút râu trên · VSA 1.9x · TP vướng vùng ↧0.1R,,
39,2026-06-10 07:57,DEM,BỎ(phiên chết),CBR,SHORT,4205.0,4209.5,4191.5,3,LOSS,-1.0,3.17,tim,0,B,72%,6.0,,,2.0R,phá 4211.0 · hồi 72% · leg 6.0giá · VSA 3.2x tím · TP vướng vùng ↧2.0R,,
40,2026-06-11 09:30,A,,QUAY_DAU,SHORT,4098.4,4102.2,4092.7,1.5,LOSS,-1.0,3.42,tim,0,B,,,✓,✓,,đảo chiều VWAP 4100.741 · rút râu trên · VSA 3.4x tím · hấp thụ ✓,,
41,2026-06-12 19:32,My,,QUAY_DAU,LONG,4228.4,4225.767,4232.35,1.5,LOSS,-1.0,2.40,tim,0,B,,,✓,✓,,đảo chiều VWAP 4225.967 · rút râu dưới · VSA 2.4x tím · hấp thụ ✓,,
42,2026-06-15 07:57,DEM,BỎ(phiên chết),CBR,LONG,4344.3,4341.2,4353.6,3,WIN,+3.0,3.14,tim,0,B,69%,4.5,,,0.7R,phá 4340.0 · hồi 69% · leg 4.5giá · VSA 3.1x tím · TP vướng vùng ↧0.7R,,
43,2026-06-15 13:41,A,,CBR,LONG,4389.3,4382.6,4409.4,3,LOSS,-1.0,2.87,tim,0,B,54%,10.6,,,,phá 4377.9 · hồi 54% · leg 10.6giá · VSA 2.9x tím,,
44,2026-06-16 08:13,A,,CBR,LONG,4359.4,4356.4,4368.4,3,WIN,+3.0,2.50,tim,2,A,90%,3.9,,,2.8R,phá 4357.8 · hồi 90% · leg 3.9giá · VSA 2.5x tím · hợp lưu ×2 · TP vướng vùng ↧2.8R,,
45,2026-06-16 12:56,A,,CBR,LONG,4374.1,4370.9,4383.7,3,LOSS,-1.0,2.64,tim,0,B,82%,6.0,,,1.5R,phá 4370.0 · hồi 82% · leg 6.0giá · VSA 2.6x tím · TP vướng vùng ↧1.5R,,
46,2026-06-16 16:03,Au,,CBR,LONG,4359.5,4355.2,4372.4,3,LOSS,-1.0,2.81,tim,2,A,60%,15.1,,,1.5R,phá 4349.4 · hồi 60% · leg 15.1giá · VSA 2.8x tím · hợp lưu ×2 · TP vướng vùng ↧1.5R,,
47,2026-06-17 15:18,Au,,CBR,LONG,4373.0,4369.2,4384.4,3,WIN,+3.0,2.66,tim,0,B,78%,5.0,,,0.9R,phá 4368.3 · hồi 78% · leg 5.0giá · VSA 2.7x tím · TP vướng vùng ↧0.9R,,
48,2026-06-17 17:37,Au,,CBR,LONG,4393.3,4390.3,4402.3,3,WIN,+3.0,9.88,tim,0,B,65%,18.5,,,,phá 4384.3 · hồi 65% · leg 18.5giá · VSA 9.9x tím,,
49,2026-06-18 08:50,A,,CBR,SHORT,4296.2,4299.4,4286.6,3,WIN,+3.0,2.78,tim,0,B,76%,3.8,,,2.6R,phá 4300.1 · hồi 76% · leg 3.8giá · VSA 2.8x tím · TP vướng vùng ↧2.6R,,
50,2026-06-18 11:06,A,,CBR,SHORT,4268.7,4272.8,4256.4,3,LOSS,-1.0,2.86,tim,0,B,88%,4.9,,,,phá 4273.2 · hồi 88% · leg 4.9giá · VSA 2.9x tím,,
51,2026-06-18 11:47,A,,CBR,SHORT,4261.3,4265.0,4250.2,3,LOSS,-1.0,5.47,tim,0,B,76%,5.0,,,,phá 4266.0 · hồi 76% · leg 5.0giá · VSA 5.5x tím,,
52,2026-06-18 15:32,Au,,CBR,SHORT,4248.1,4253.2,4232.8,3,LOSS,-1.0,2.27,tim,0,B,51%,6.1,,,2.1R,phá 4256.0 · hồi 51% · leg 6.1giá · VSA 2.3x tím · TP vướng vùng ↧2.1R,,
53,2026-06-19 05:00,DEM,BỎ(phiên chết),CBR,SHORT,4142.7,4145.7,4133.7,3,LOSS,-1.0,6.44,tim,0,B,41%,6.9,,,,phá 4149.4 · hồi 41% · leg 6.9giá · VSA 6.4x tím,,
54,2026-06-22 05:38,DEM,BỎ(phiên chết),CBR,LONG,4214.5,4211.5,4223.5,3,LOSS,-1.0,3.61,tim,0,B,41%,7.8,,,,phá 4207.8 · hồi 41% · leg 7.8giá · VSA 3.6x tím,,
55,2026-06-22 18:21,Au,,QUAY_DAU,SHORT,4207.0,4208.5,4204.75,1.5,WIN,+1.5,2.22,tim,2,A,,,✓,✓,,đảo chiều VWAP 4208.239 · rút râu trên · VSA 2.2x tím · hấp thụ ✓ · hợp lưu ×2,,
56,2026-06-23 03:21,DEM,BỎ(phiên chết),CBR,SHORT,4149.9,4153.6,4138.8,3,LOSS,-1.0,4.62,tim,0,B,66%,7.6,,,,phá 4156.0 · hồi 66% · leg 7.6giá · VSA 4.6x tím,,
57,2026-06-23 04:58,DEM,BỎ(phiên chết),CBR,SHORT,4143.7,4148.2,4130.2,3,LOSS,-1.0,4.23,tim,0,B,44%,6.2,,,,phá 4151.5 · hồi 44% · leg 6.2giá · VSA 4.2x tím,,
58,2026-06-23 11:21,A,,QUAY_DAU,SHORT,4144.8,4150.62,4136.069,1.5,WIN,+1.5,2.61,tim,0,B,,,✓,✓,,đảo chiều VWAP 4150.42 · rút râu trên · VSA 2.6x tím · hấp thụ ✓,,
59,2026-06-24 01:09,My,,CBR,SHORT,4094.7,4100.7,4076.7,3,LOSS,-1.0,6.83,tim,0,B,56%,25.7,,,,phá 4111.7 · hồi 56% · leg 25.7giá · VSA 6.8x tím,,
60,2026-06-24 09:38,A,,CBR,SHORT,4085.3,4088.3,4076.3,3,LOSS,-1.0,3.82,tim,0,B,87%,3.2,,,0.4R,phá 4087.8 · hồi 87% · leg 3.2giá · VSA 3.8x tím · TP vướng vùng ↧0.4R,,
61,2026-06-24 11:09,A,,CBR,SHORT,4066.0,4070.5,4052.5,3,LOSS,-1.0,5.24,tim,0,B,89%,6.4,,,,phá 4071.0 · hồi 89% · leg 6.4giá · VSA 5.2x tím,,
62,2026-06-26 02:40,DEM,BỎ(phiên chết),CBR,SHORT,4009.0,4014.9,3991.3,3,LOSS,-1.0,2.13,-,0,B,64%,12.0,,,0.5R,phá 4019.0 · hồi 64% · leg 12.0giá · VSA 2.1x · TP vướng vùng ↧0.5R,,
63,2026-06-26 07:30,DEM,BỎ(phiên chết),CBR,LONG,4054.0,4051.0,4063.0,3,LOSS,-1.0,2.86,tim,1,B,51%,8.3,,,1.2R,phá 4047.2 · hồi 51% · leg 8.3giá · VSA 2.9x tím · TP vướng vùng ↧1.2R,,
64,2026-06-26 09:23,A,,CBR,LONG,4062.6,4058.4,4075.2,3,LOSS,-1.0,7.90,tim,0,B,77%,7.1,,,,phá 4057.0 · hồi 77% · leg 7.1giá · VSA 7.9x tím,,
65,2026-06-26 15:41,Au,,CBR,LONG,4110.2,4106.1,4122.5,3,LOSS,-1.0,2.32,tim,0,B,56%,5.4,,,0.6R,phá 4103.9 · hồi 56% · leg 5.4giá · VSA 2.3x tím · TP vướng vùng ↧0.6R,,
66,2026-06-29 08:49,A,,CBR,SHORT,4069.3,4072.3,4060.3,3,WIN,+3.0,8.96,tim,2,A,45%,6.0,,,0.0R,phá 4074.8 · hồi 45% · leg 6.0giá · VSA 9.0x tím · hợp lưu ×2 · TP vướng vùng ↧0.0R,,
67,2026-06-29 10:02,A,,CBR,SHORT,4044.4,4048.1,4033.3,3,LOSS,-1.0,2.86,tim,0,B,74%,13.2,,,,phá 4051.3 · hồi 74% · leg 13.2giá · VSA 2.9x tím,,
68,2026-06-29 13:25,A,,CBR,SHORT,4056.0,4059.7,4044.9,3,WIN,+3.0,2.05,-,0,B,72%,2.9,,,1.2R,phá 4060.3 · hồi 72% · leg 2.9giá · VSA 2.1x · TP vướng vùng ↧1.2R,,
69,2026-06-30 14:14,Au,,CBR,LONG,4058.0,4051.4,4077.8,3,WIN,+3.0,4.17,tim,0,B,74%,17.8,,,0.5R,phá 4046.9 · hồi 74% · leg 17.8giá · VSA 4.2x tím · TP vướng vùng ↧0.5R,,
70,2026-07-01 01:08,My,,CBR,SHORT,3998.0,4003.3,3982.1,3,WIN,+3.0,2.74,tim,0,B,65%,8.3,,,2.5R,phá 4006.0 · hồi 65% · leg 8.3giá · VSA 2.7x tím · TP vướng vùng ↧2.5R,,
71,2026-07-01 06:12,DEM,BỎ(phiên chết),CBR,SHORT,3978.6,3981.9,3968.7,3,LOSS,-1.0,3.00,tim,0,B,53%,8.9,,,,phá 3985.9 · hồi 53% · leg 8.9giá · VSA 3.0x tím,,
72,2026-07-01 07:13,DEM,BỎ(phiên chết),CBR,SHORT,3973.7,3979.4,3956.6,3,LOSS,-1.0,2.06,-,0,B,62%,9.5,,,1.5R,phá 3982.8 · hồi 62% · leg 9.5giá · VSA 2.1x · TP vướng vùng ↧1.5R,,
73,2026-07-01 09:30,A,,QUAY_DAU,SHORT,3990.9,3993.4,3987.15,1.5,LOSS,-1.0,3.36,tim,0,B,,,✓,✓,0.8R,đảo chiều VWAP 3993.158 · rút râu trên · VSA 3.4x tím · hấp thụ ✓ · TP vướng vùng ↧0.8R,,
74,2026-07-01 11:00,A,,CBR,LONG,4015.1,4010.6,4028.6,3,WIN,+3.0,2.18,-,0,B,67%,1.8,,,0.6R,phá 4010.2 · hồi 67% · leg 1.8giá · VSA 2.2x · TP vướng vùng ↧0.6R,,
75,2026-07-02 06:06,DEM,BỎ(phiên chết),CBR,LONG,4084.0,4080.4,4094.8,3,LOSS,-1.0,2.40,tim,0,B,68%,11.0,,,,phá 4077.1 · hồi 68% · leg 11.0giá · VSA 2.4x tím,,
76,2026-07-02 11:48,A,,CBR,LONG,4083.5,4080.2,4093.4,3,LOSS,-1.0,3.49,tim,1,B,87%,4.7,,,,phá 4079.8 · hồi 87% · leg 4.7giá · VSA 3.5x tím,,
77,2026-07-03 08:05,A,,CBR,LONG,4197.8,4194.3,4208.3,3,LOSS,-1.0,3.07,tim,0,B,53%,5.5,,,,phá 4191.9 · hồi 53% · leg 5.5giá · VSA 3.1x tím,,
78,2026-07-03 16:34,Au,,QUAY_DAU,SHORT,4181.5,4183.0,4179.25,1.5,LOSS,-1.0,2.22,tim,1,B,,,✓,✓,0.1R,đảo chiều VWAP 4182.336 · rút râu trên · VSA 2.2x tím · hấp thụ ✓ · TP vướng vùng ↧0.1R,,
79,2026-07-06 09:34,A,,CBR,SHORT,4149.4,4152.5,4140.1,3,LOSS,-1.0,5.13,tim,0,B,78%,5.0,,,,phá 4153.4 · hồi 78% · leg 5.0giá · VSA 5.1x tím,,
80,2026-07-06 12:27,A,,CBR,SHORT,4157.6,4161.5,4145.9,3,WIN,+3.0,5.05,tim,1,B,47%,7.0,,,,phá 4165.0 · hồi 47% · leg 7.0giá · VSA 5.1x tím,,
81,2026-07-06 18:04,Au,,QUAY_DAU,LONG,4169.3,4168.1,4171.1,1.5,LOSS,-1.0,5.77,tim,0,B,,,✓,✓,,đảo chiều VWAP 4168.565 · rút râu dưới · VSA 5.8x tím · hấp thụ ✓,,
82,2026-07-07 01:10,My,,CBR,SHORT,4150.8,4154.9,4138.5,3,LOSS,-1.0,5.64,tim,1,B,41%,9.3,,,1.1R,phá 4160.2 · hồi 41% · leg 9.3giá · VSA 5.6x tím · TP vướng vùng ↧1.1R,,
83,2026-07-07 11:21,A,,CBR,LONG,4152.6,4149.6,4161.6,3,WIN,+3.0,5.85,tim,0,B,52%,6.0,,,1.6R,phá 4148.0 · hồi 52% · leg 6.0giá · VSA 5.8x tím · TP vướng vùng ↧1.6R,,
84,2026-07-07 12:12,A,,CBR,LONG,4181.8,4177.3,4195.3,3,LOSS,-1.0,4.91,tim,0,B,50%,12.0,,,2.3R,phá 4171.5 · hồi 50% · leg 12.0giá · VSA 4.9x tím · TP vướng vùng ↧2.3R,,
85,2026-07-07 22:41,My,,QUAY_DAU,SHORT,4111.0,4112.7,4108.45,1.5,LOSS,-1.0,3.00,tim,0,B,,,✓,✓,,đảo chiều VWAP 4112.13 · rút râu trên · VSA 3.0x tím · hấp thụ ✓,,
86,2026-07-08 11:38,A,,CBR,SHORT,4052.0,4056.2,4039.4,3,LOSS,-1.0,2.07,-,0,B,42%,3.8,,,,phá 4058.2 · hồi 42% · leg 3.8giá · VSA 2.1x,,
87,2026-07-08 12:59,A,,CBR,SHORT,4082.9,4088.4,4066.4,3,LOSS,-1.0,4.13,tim,0,B,57%,6.0,,,,phá 4090.8 · hồi 57% · leg 6.0giá · VSA 4.1x tím,,
88,2026-07-08 20:21,My,,QUAY_DAU,LONG,4085.1,4083.9,4086.9,1.5,WIN,+1.5,2.11,-,0,B,,,,✓,,đảo chiều VWAP 4084.234 · rút râu dưới · VSA 2.1x,,
89,2026-07-09 08:27,A,,CBR,LONG,4124.6,4121.6,4133.6,3,LOSS,-1.0,3.36,tim,0,B,83%,4.8,,,2.6R,phá 4122.6 · hồi 83% · leg 4.8giá · VSA 3.4x tím · TP vướng vùng ↧2.6R,,
90,2026-07-09 11:46,A,,CBR,LONG,4116.6,4113.6,4125.6,3,WIN,+3.0,4.90,tim,0,B,66%,6.7,,,,phá 4112.7 · hồi 66% · leg 6.7giá · VSA 4.9x tím,,
91,2026-07-10 01:45,My,,CBR,SHORT,4119.0,4123.8,4104.6,3,LOSS,-1.0,5.07,tim,0,B,56%,9.0,,,0.8R,phá 4127.6 · hồi 56% · leg 9.0giá · VSA 5.1x tím · TP vướng vùng ↧0.8R,,
92,2026-07-10 07:47,DEM,BỎ(phiên chết),CBR,SHORT,4113.2,4116.6,4103.0,3,LOSS,-1.0,3.38,tim,1,B,49%,4.5,,,0.9R,phá 4118.7 · hồi 49% · leg 4.5giá · VSA 3.4x tím · TP vướng vùng ↧0.9R,,
93,2026-07-10 11:33,A,,CBR,SHORT,4108.8,4112.2,4098.6,3,LOSS,-1.0,4.08,tim,0,B,79%,5.6,,,0.5R,phá 4113.2 · hồi 79% · leg 5.6giá · VSA 4.1x tím · TP vướng vùng ↧0.5R,,
94,2026-07-10 18:25,Au,,QUAY_DAU,SHORT,4112.7,4115.964,4107.804,1.5,WIN,+1.5,3.44,tim,0,B,,,✓,✓,0.6R,đảo chiều VWAP 4115.764 · rút râu trên · VSA 3.4x tím · hấp thụ ✓ · TP vướng vùng ↧0.6R,,
95,2026-07-13 02:04,DEM,BỎ(phiên chết),CBR,SHORT,4078.5,4083.1,4064.7,3,LOSS,-1.0,2.64,tim,0,B,50%,15.3,,,,phá 4090.6 · hồi 50% · leg 15.3giá · VSA 2.6x tím,,
96,2026-07-13 03:10,DEM,BỎ(phiên chết),CBR,SHORT,4067.1,4070.1,4058.1,3,LOSS,-1.0,2.42,tim,0,B,49%,6.7,,,,phá 4073.0 · hồi 49% · leg 6.7giá · VSA 2.4x tím,,
97,2026-07-13 05:11,DEM,,QUAY_DAU,SHORT,4076.5,4081.1,4069.6,1.5,WIN,+1.5,2.24,tim,0,B,,,✓,✓,,đảo chiều VWAP 4080.785 · rút râu trên · VSA 2.2x tím · hấp thụ ✓,,
98,2026-07-13 10:44,A,,CBR,SHORT,4060.7,4064.3,4049.9,3,LOSS,-1.0,11.30,tim,0,B,53%,17.3,,,,phá 4072.3 · hồi 53% · leg 17.3giá · VSA 11.3x tím,,
99,2026-07-13 13:42,A,,CBR,SHORT,4062.8,4066.5,4051.7,3,WIN,+3.0,2.46,tim,0,B,76%,9.1,,,1.5R,phá 4068.5 · hồi 76% · leg 9.1giá · VSA 2.5x tím · TP vướng vùng ↧1.5R,,
100,2026-07-13 22:59,My,,QUAY_DAU,SHORT,4007.4,4010.634,4002.55,1.5,WIN,+1.5,2.17,-,0,B,,,,✓,,đảo chiều VWAP 4010.434 · rút râu trên · VSA 2.2x,,
101,2026-07-15 01:48,My,,CBR,SHORT,4045.8,4048.8,4036.8,3,WIN,+3.0,5.34,tim,0,B,69%,8.9,,,,phá 4051.4 · hồi 69% · leg 8.9giá · VSA 5.3x tím,,
102,2026-07-15 10:14,A,,QUAY_DAU,SHORT,4040.2,4042.6,4036.6,1.5,WIN,+1.5,4.13,tim,1,B,,,✓,✓,0.9R,đảo chiều VWAP 4040.81 · rút râu trên · VSA 4.1x tím · hấp thụ ✓ · TP vướng vùng ↧0.9R,,
103,2026-07-15 12:32,A,,CBR,LONG,4059.2,4052.4,4079.6,3,WIN,+3.0,10.05,tim,0,B,46%,11.2,,,0.9R,phá 4046.5 · hồi 46% · leg 11.2giá · VSA 10.1x tím · TP vướng vùng ↧0.9R,,
104,2026-07-15 16:01,Au,,QUAY_DAU,LONG,4052.8,4050.698,4055.954,1.5,LOSS,-1.0,1.82,-,0,B,,,,✓,1.5R,đảo chiều VWAP 4050.898 · rút râu dưới · VSA 1.8x · TP vướng vùng ↧1.5R,,
105,2026-07-16 09:16,A,,QUAY_DAU,SHORT,4041.8,4043.4,4039.4,1.5,WIN,+1.5,5.33,tim,0,B,,,✓,✓,1.0R,đảo chiều VWAP 4042.998 · rút râu trên · VSA 5.3x tím · hấp thụ ✓ · TP vướng vùng ↧1.0R,,
106,2026-07-16 16:18,Au,,CBR,SHORT,3991.6,3996.2,3977.8,3,LOSS,-1.0,2.05,-,0,B,48%,6.9,,,,phá 3999.6 · hồi 48% · leg 6.9giá · VSA 2.0x,,
107,2026-07-17 03:23,DEM,BỎ(phiên chết),CBR,LONG,4009.7,4006.0,4020.8,3,LOSS,-1.0,2.71,tim,1,B,43%,13.9,,,0.1R,phá 3998.3 · hồi 43% · leg 13.9giá · VSA 2.7x tím · TP vướng vùng ↧0.1R,,
108,2026-07-17 12:32,A,,CBR,SHORT,3986.3,3992.0,3969.2,3,WIN,+3.0,2.72,tim,0,B,87%,4.6,,,0.2R,phá 3992.4 · hồi 87% · leg 4.6giá · VSA 2.7x tím · TP vướng vùng ↧0.2R,,
109,2026-07-21 03:30,DEM,BỎ(phiên chết),CBR,LONG,4053.7,4049.2,4067.2,3,LOSS,-1.0,2.11,-,0,B,63%,12.3,,,,phá 4044.9 · hồi 63% · leg 12.3giá · VSA 2.1x,,
110,2026-07-21 05:30,DEM,BỎ(phiên chết),CBR,LONG,4062.1,4058.0,4074.4,3,WIN,+3.0,3.73,tim,1,B,66%,5.0,,,,phá 4056.5 · hồi 66% · leg 5.0giá · VSA 3.7x tím,,
111,2026-07-21 05:46,DEM,BỎ(phiên chết),CBR,LONG,4072.2,4068.5,4083.3,3,LOSS,-1.0,2.20,-,0,B,63%,4.6,,,,phá 4067.0 · hồi 63% · leg 4.6giá · VSA 2.2x,,
112,2026-07-21 06:22,DEM,BỎ(phiên chết),CBR,LONG,4077.0,4074.0,4086.0,3,WIN,+3.0,2.84,tim,0,B,66%,4.7,,,,phá 4072.6 · hồi 66% · leg 4.7giá · VSA 2.8x tím,,
113,2026-07-21 06:45,DEM,BỎ(phiên chết),CBR,LONG,4083.5,4080.5,4092.5,3,LOSS,-1.0,4.49,tim,0,B,83%,4.6,,,,phá 4080.5 · hồi 83% · leg 4.6giá · VSA 4.5x tím,,
114,2026-07-21 07:41,DEM,BỎ(phiên chết),CBR,LONG,4078.4,4075.4,4087.4,3,LOSS,-1.0,2.16,-,0,B,74%,4.3,,,,phá 4075.6 · hồi 74% · leg 4.3giá · VSA 2.2x,,
115,2026-07-21 09:53,A,,CBR,LONG,4073.6,4070.6,4082.6,3,LOSS,-1.0,2.56,tim,0,B,90%,1.0,,,,phá 4071.7 · hồi 90% · leg 1.0giá · VSA 2.6x tím,,
116,2026-07-21 15:20,Au,,CBR,LONG,4083.0,4079.7,4092.9,3,LOSS,-1.0,2.47,tim,0,B,40%,8.4,,,,phá 4074.9 · hồi 40% · leg 8.4giá · VSA 2.5x tím,,
117,2026-07-21 18:32,Au,,CBR,LONG,4089.1,4085.6,4099.6,3,LOSS,-1.0,10.60,tim,1,B,52%,12.8,,,,phá 4079.7 · hồi 52% · leg 12.8giá · VSA 10.6x tím,,
118,2026-07-22 01:03,My,,CBR,LONG,4112.6,4107.4,4128.2,3,WIN,+3.0,8.67,tim,0,B,53%,11.7,,,,phá 4102.1 · hồi 53% · leg 11.7giá · VSA 8.7x tím,,
119,2026-07-22 03:13,DEM,BỎ(phiên chết),CBR,LONG,4142.0,4139.0,4151.0,3,LOSS,-1.0,3.03,tim,0,B,73%,7.5,,,,phá 4137.5 · hồi 73% · leg 7.5giá · VSA 3.0x tím,,
120,2026-07-22 09:39,A,,CBR,SHORT,4118.8,4121.8,4109.8,3,LOSS,-1.0,2.20,tim,0,B,47%,3.4,,,,phá 4123.2 · hồi 47% · leg 3.4giá · VSA 2.2x tím,,
121,2026-07-22 12:27,A,,CBR,LONG,4135.8,4132.8,4144.8,3,LOSS,-1.0,2.80,tim,0,B,81%,2.7,,,,phá 4132.8 · hồi 81% · leg 2.7giá · VSA 2.8x tím,,
122,2026-07-22 13:22,A,,CBR,LONG,4136.7,4132.9,4148.1,3,WIN,+3.0,2.40,tim,0,B,72%,3.9,,,2.4R,phá 4132.0 · hồi 72% · leg 3.9giá · VSA 2.4x tím · TP vướng vùng ↧2.4R,,
123,2026-07-22 13:39,A,,CBR,LONG,4149.8,4143.0,4170.2,3,WIN,+3.0,4.22,tim,0,B,72%,12.3,,,,phá 4139.8 · hồi 72% · leg 12.3giá · VSA 4.2x tím,,
124,2026-07-22 14:07,Au,,CBR,LONG,4162.3,4158.4,4174.0,3,LOSS,-1.0,2.76,tim,0,B,74%,13.7,,,,phá 4155.1 · hồi 74% · leg 13.7giá · VSA 2.8x tím,,
125,2026-07-22 15:02,Au,,CBR,LONG,4157.5,4154.5,4166.5,3,WIN,+3.0,2.13,-,0,B,54%,2.4,,,,phá 4154.8 · hồi 54% · leg 2.4giá · VSA 2.1x,,
126,2026-07-22 19:52,My,,QUAY_DAU,LONG,4137.7,4135.203,4141.446,1.5,LOSS,-1.0,3.66,tim,0,B,,,✓,✓,,đảo chiều VWAP 4135.403 · rút râu dưới · VSA 3.7x tím · hấp thụ ✓,,
127,2026-07-23 07:53,DEM,BỎ(phiên chết),CBR,SHORT,4094.4,4098.8,4081.2,3,LOSS,-1.0,2.76,tim,0,B,54%,8.4,,,2.5R,phá 4102.5 · hồi 54% · leg 8.4giá · VSA 2.8x tím · TP vướng vùng ↧2.5R,,
128,2026-07-23 08:18,A,,CBR,SHORT,4094.1,4097.1,4085.1,3,LOSS,-1.0,2.06,-,0,B,83%,3.0,,,,phá 4095.9 · hồi 83% · leg 3.0giá · VSA 2.1x,,
129,2026-07-23 12:20,A,,CBR,SHORT,4077.8,4082.0,4065.2,3,WIN,+3.0,6.39,tim,1,B,78%,8.7,,,0.4R,phá 4083.7 · hồi 78% · leg 8.7giá · VSA 6.4x tím · TP vướng vùng ↧0.4R,,
130,2026-07-23 13:05,A,,CBR,SHORT,4055.3,4059.9,4041.5,3,LOSS,-1.0,3.57,tim,1,B,48%,6.3,,,,phá 4063.0 · hồi 48% · leg 6.3giá · VSA 3.6x tím,,
131,2026-07-24 01:06,My,,CBR,SHORT,4045.6,4048.6,4036.6,3,LOSS,-1.0,3.91,tim,0,B,57%,8.9,,,0.5R,phá 4050.8 · hồi 57% · leg 8.9giá · VSA 3.9x tím · TP vướng vùng ↧0.5R,,
132,2026-07-24 18:31,Au,,CBR,SHORT,4056.5,4059.5,4047.5,3,LOSS,-1.0,3.89,tim,0,B,50%,3.4,,,0.5R,phá 4060.6 · hồi 50% · leg 3.4giá · VSA 3.9x tím · TP vướng vùng ↧0.5R,,
133,2026-07-26 23:46,My,,QUAY_DAU,LONG,4094.9,4092.844,4097.984,1.5,WIN,+1.5,3.68,tim,0,B,,,✓,✓,,đảo chiều VWAP 4093.044 · rút râu dưới · VSA 3.7x tím · hấp thụ ✓,,
134,2026-07-27 07:11,DEM,,QUAY_DAU,LONG,4100.8,4099.2,4103.2,1.5,WIN,+1.5,2.11,-,0,B,,,,✓,,đảo chiều VWAP 4099.648 · rút râu dưới · VSA 2.1x,,
135,2026-07-27 16:34,Au,,CBR,LONG,4093.5,4090.5,4102.5,3,LOSS,-1.0,6.28,tim,1,B,42%,10.1,,,0.2R,phá 4085.0 · hồi 42% · leg 10.1giá · VSA 6.3x tím · TP vướng vùng ↧0.2R,,
136,2026-07-27 17:06,Au,,CBR,SHORT,4075.6,4078.9,4065.7,3,LOSS,-1.0,2.75,tim,0,B,42%,4.3,,,0.9R,phá 4081.2 · hồi 42% · leg 4.3giá · VSA 2.8x tím · TP vướng vùng ↧0.9R,,
137,2026-07-28 06:40,DEM,,QUAY_DAU,SHORT,4051.3,4053.066,4048.651,1.5,WIN,+1.5,2.05,-,0,B,,,,✓,1.3R,đảo chiều VWAP 4052.866 · rút râu trên · VSA 2.1x · TP vướng vùng ↧1.3R,,
138,2026-07-28 09:35,A,,CBR,SHORT,4032.9,4038.9,4014.9,3,WIN,+3.0,3.39,tim,0,B,52%,5.2,,,,phá 4041.2 · hồi 52% · leg 5.2giá · VSA 3.4x tím,,
139,2026-07-28 10:08,A,,CBR,SHORT,4023.8,4027.4,4013.0,3,LOSS,-1.0,7.28,tim,0,B,88%,10.3,,,,phá 4028.4 · hồi 88% · leg 10.3giá · VSA 7.3x tím,,
140,2026-07-28 13:47,A,,CBR,SHORT,4022.3,4025.5,4012.7,3,LOSS,-1.0,2.67,tim,0,B,79%,7.6,,,,phá 4026.9 · hồi 79% · leg 7.6giá · VSA 2.7x tím,,
