stt,ngay_gio,phien,nhanh,huong,entry,SL,TP,VSA,hop_luu,grade,retrace,leg_gia,hap_thu,rut_rau,tp_vuong_vung,chi_tiet,diem_1_5(dien),ly_do(dien)
3,2026-05-26 12:30,A,CBR,SHORT,4536.3,4539.4,4527.0,3.01,1,B,51%,4.3,,,,phá 4541.3 · hồi 51% · leg 4.3giá · VSA 3.0x tím,,
12,2026-05-27 22:38,My,QUAY_DAU,LONG,4492.3,4489.4,4496.65,2.88,0,B,,,✓,✓,,đảo chiều VWAP 4490.776 · rút râu dưới · VSA 2.9x tím · hấp thụ ✓,,
14,2026-05-28 10:53,A,CBR,SHORT,4409.3,4414.1,4394.9,3.66,0,B,45%,18.6,,,1.9R,phá 4424.1 · hồi 45% · leg 18.6giá · VSA 3.7x tím · TP vướng vùng ↧1.9R,,
18,2026-05-29 09:50,A,CBR,LONG,4569.6,4565.4,4582.2,2.85,1,B,65%,4.9,,,,phá 4563.9 · hồi 65% · leg 4.9giá · VSA 2.8x tím,,
19,2026-05-29 10:45,A,CBR,LONG,4570.9,4567.1,4582.3,7.08,0,B,72%,9.9,,,,phá 4564.5 · hồi 72% · leg 9.9giá · VSA 7.1x tím,,
20,2026-05-29 14:04,Au,CBR,LONG,4578.9,4573.7,4594.5,3.51,0,B,68%,9.2,,,,phá 4571.0 · hồi 68% · leg 9.2giá · VSA 3.5x tím,,
21,2026-05-29 16:37,Au,CBR,LONG,4602.5,4598.6,4614.2,5.42,0,B,57%,4.2,,,,phá 4597.0 · hồi 57% · leg 4.2giá · VSA 5.4x tím,,
23,2026-06-02 08:05,A,CBR,LONG,4566.6,4563.0,4577.4,2.45,0,B,82%,5.1,,,3.0R,phá 4562.3 · hồi 82% · leg 5.1giá · VSA 2.4x tím · TP vướng vùng ↧3.0R,,
24,2026-06-02 12:25,A,CBR,LONG,4562.8,4559.0,4574.2,3.48,0,B,88%,3.2,,,0.3R,phá 4558.8 · hồi 88% · leg 3.2giá · VSA 3.5x tím · TP vướng vùng ↧0.3R,,
25,2026-06-02 13:59,A,CBR,SHORT,4532.1,4535.4,4522.2,2.06,0,B,79%,3.4,,,0.3R,phá 4535.9 · hồi 79% · leg 3.4giá · VSA 2.1x · TP vướng vùng ↧0.3R,,
26,2026-06-03 01:04,My,CBR,SHORT,4501.7,4507.7,4483.7,3.54,1,B,48%,12.5,,,0.1R,phá 4514.0 · hồi 48% · leg 12.5giá · VSA 3.5x tím · TP vướng vùng ↧0.1R,,
27,2026-06-03 08:54,A,CBR,SHORT,4473.3,4477.0,4462.2,9.63,0,B,55%,11.8,,,,phá 4482.1 · hồi 55% · leg 11.8giá · VSA 9.6x tím,,
28,2026-06-03 09:34,A,CBR,SHORT,4470.3,4473.4,4461.0,4.73,0,B,90%,6.7,,,,phá 4473.9 · hồi 90% · leg 6.7giá · VSA 4.7x tím,,
30,2026-06-04 16:15,Au,CBR,LONG,4508.4,4505.4,4517.4,3.71,1,B,89%,5.4,,,1.1R,phá 4506.4 · hồi 89% · leg 5.4giá · VSA 3.7x tím · TP vướng vùng ↧1.1R,,
33,2026-06-08 01:07,My,QUAY_DAU,LONG,4358.8,4354.3,4365.55,1.87,0,B,,,,✓,1.4R,đảo chiều VWAP 4356.916 · rút râu dưới · VSA 1.9x · TP vướng vùng ↧1.4R,,
36,2026-06-09 09:25,A,QUAY_DAU,LONG,4356.7,4355.392,4358.662,3.60,0,B,,,✓,✓,,đảo chiều VWAP 4355.592 · rút râu dưới · VSA 3.6x tím · hấp thụ ✓,,
37,2026-06-09 10:17,A,CBR,LONG,4360.4,4357.4,4369.4,3.68,0,B,43%,5.4,,,1.3R,phá 4355.0 · hồi 43% · leg 5.4giá · VSA 3.7x tím · TP vướng vùng ↧1.3R,,
38,2026-06-09 13:31,A,QUAY_DAU,SHORT,4356.0,4357.7,4353.45,1.93,1,B,,,,✓,0.1R,đảo chiều VWAP 4357.415 · rút râu trên · VSA 1.9x · TP vướng vùng ↧0.1R,,
40,2026-06-11 09:30,A,QUAY_DAU,SHORT,4098.4,4102.2,4092.7,3.42,0,B,,,✓,✓,,đảo chiều VWAP 4100.741 · rút râu trên · VSA 3.4x tím · hấp thụ ✓,,
41,2026-06-12 19:32,My,QUAY_DAU,LONG,4228.4,4225.767,4232.35,2.40,0,B,,,✓,✓,,đảo chiều VWAP 4225.967 · rút râu dưới · VSA 2.4x tím · hấp thụ ✓,,
43,2026-06-15 13:41,A,CBR,LONG,4389.3,4382.6,4409.4,2.87,0,B,54%,10.6,,,,phá 4377.9 · hồi 54% · leg 10.6giá · VSA 2.9x tím,,
45,2026-06-16 12:56,A,CBR,LONG,4374.1,4370.9,4383.7,2.64,0,B,82%,6.0,,,1.5R,phá 4370.0 · hồi 82% · leg 6.0giá · VSA 2.6x tím · TP vướng vùng ↧1.5R,,
46,2026-06-16 16:03,Au,CBR,LONG,4359.5,4355.2,4372.4,2.81,2,A,60%,15.1,,,1.5R,phá 4349.4 · hồi 60% · leg 15.1giá · VSA 2.8x tím · hợp lưu ×2 · TP vướng vùng ↧1.5R,,
50,2026-06-18 11:06,A,CBR,SHORT,4268.7,4272.8,4256.4,2.86,0,B,88%,4.9,,,,phá 4273.2 · hồi 88% · leg 4.9giá · VSA 2.9x tím,,
51,2026-06-18 11:47,A,CBR,SHORT,4261.3,4265.0,4250.2,5.47,0,B,76%,5.0,,,,phá 4266.0 · hồi 76% · leg 5.0giá · VSA 5.5x tím,,
52,2026-06-18 15:32,Au,CBR,SHORT,4248.1,4253.2,4232.8,2.27,0,B,51%,6.1,,,2.1R,phá 4256.0 · hồi 51% · leg 6.1giá · VSA 2.3x tím · TP vướng vùng ↧2.1R,,
59,2026-06-24 01:09,My,CBR,SHORT,4094.7,4100.7,4076.7,6.83,0,B,56%,25.7,,,,phá 4111.7 · hồi 56% · leg 25.7giá · VSA 6.8x tím,,
60,2026-06-24 09:38,A,CBR,SHORT,4085.3,4088.3,4076.3,3.82,0,B,87%,3.2,,,0.4R,phá 4087.8 · hồi 87% · leg 3.2giá · VSA 3.8x tím · TP vướng vùng ↧0.4R,,
61,2026-06-24 11:09,A,CBR,SHORT,4066.0,4070.5,4052.5,5.24,0,B,89%,6.4,,,,phá 4071.0 · hồi 89% · leg 6.4giá · VSA 5.2x tím,,
64,2026-06-26 09:23,A,CBR,LONG,4062.6,4058.4,4075.2,7.90,0,B,77%,7.1,,,,phá 4057.0 · hồi 77% · leg 7.1giá · VSA 7.9x tím,,
65,2026-06-26 15:41,Au,CBR,LONG,4110.2,4106.1,4122.5,2.32,0,B,56%,5.4,,,0.6R,phá 4103.9 · hồi 56% · leg 5.4giá · VSA 2.3x tím · TP vướng vùng ↧0.6R,,
67,2026-06-29 10:02,A,CBR,SHORT,4044.4,4048.1,4033.3,2.86,0,B,74%,13.2,,,,phá 4051.3 · hồi 74% · leg 13.2giá · VSA 2.9x tím,,
73,2026-07-01 09:30,A,QUAY_DAU,SHORT,3990.9,3993.4,3987.15,3.36,0,B,,,✓,✓,0.8R,đảo chiều VWAP 3993.158 · rút râu trên · VSA 3.4x tím · hấp thụ ✓ · TP vướng vùng ↧0.8R,,
76,2026-07-02 11:48,A,CBR,LONG,4083.5,4080.2,4093.4,3.49,1,B,87%,4.7,,,,phá 4079.8 · hồi 87% · leg 4.7giá · VSA 3.5x tím,,
77,2026-07-03 08:05,A,CBR,LONG,4197.8,4194.3,4208.3,3.07,0,B,53%,5.5,,,,phá 4191.9 · hồi 53% · leg 5.5giá · VSA 3.1x tím,,
78,2026-07-03 16:34,Au,QUAY_DAU,SHORT,4181.5,4183.0,4179.25,2.22,1,B,,,✓,✓,0.1R,đảo chiều VWAP 4182.336 · rút râu trên · VSA 2.2x tím · hấp thụ ✓ · TP vướng vùng ↧0.1R,,
79,2026-07-06 09:34,A,CBR,SHORT,4149.4,4152.5,4140.1,5.13,0,B,78%,5.0,,,,phá 4153.4 · hồi 78% · leg 5.0giá · VSA 5.1x tím,,
81,2026-07-06 18:04,Au,QUAY_DAU,LONG,4169.3,4168.1,4171.1,5.77,0,B,,,✓,✓,,đảo chiều VWAP 4168.565 · rút râu dưới · VSA 5.8x tím · hấp thụ ✓,,
82,2026-07-07 01:10,My,CBR,SHORT,4150.8,4154.9,4138.5,5.64,1,B,41%,9.3,,,1.1R,phá 4160.2 · hồi 41% · leg 9.3giá · VSA 5.6x tím · TP vướng vùng ↧1.1R,,
84,2026-07-07 12:12,A,CBR,LONG,4181.8,4177.3,4195.3,4.91,0,B,50%,12.0,,,2.3R,phá 4171.5 · hồi 50% · leg 12.0giá · VSA 4.9x tím · TP vướng vùng ↧2.3R,,
85,2026-07-07 22:41,My,QUAY_DAU,SHORT,4111.0,4112.7,4108.45,3.00,0,B,,,✓,✓,,đảo chiều VWAP 4112.13 · rút râu trên · VSA 3.0x tím · hấp thụ ✓,,
86,2026-07-08 11:38,A,CBR,SHORT,4052.0,4056.2,4039.4,2.07,0,B,42%,3.8,,,,phá 4058.2 · hồi 42% · leg 3.8giá · VSA 2.1x,,
87,2026-07-08 12:59,A,CBR,SHORT,4082.9,4088.4,4066.4,4.13,0,B,57%,6.0,,,,phá 4090.8 · hồi 57% · leg 6.0giá · VSA 4.1x tím,,
89,2026-07-09 08:27,A,CBR,LONG,4124.6,4121.6,4133.6,3.36,0,B,83%,4.8,,,2.6R,phá 4122.6 · hồi 83% · leg 4.8giá · VSA 3.4x tím · TP vướng vùng ↧2.6R,,
91,2026-07-10 01:45,My,CBR,SHORT,4119.0,4123.8,4104.6,5.07,0,B,56%,9.0,,,0.8R,phá 4127.6 · hồi 56% · leg 9.0giá · VSA 5.1x tím · TP vướng vùng ↧0.8R,,
93,2026-07-10 11:33,A,CBR,SHORT,4108.8,4112.2,4098.6,4.08,0,B,79%,5.6,,,0.5R,phá 4113.2 · hồi 79% · leg 5.6giá · VSA 4.1x tím · TP vướng vùng ↧0.5R,,
98,2026-07-13 10:44,A,CBR,SHORT,4060.7,4064.3,4049.9,11.30,0,B,53%,17.3,,,,phá 4072.3 · hồi 53% · leg 17.3giá · VSA 11.3x tím,,
104,2026-07-15 16:01,Au,QUAY_DAU,LONG,4052.8,4050.698,4055.954,1.82,0,B,,,,✓,1.5R,đảo chiều VWAP 4050.898 · rút râu dưới · VSA 1.8x · TP vướng vùng ↧1.5R,,
106,2026-07-16 16:18,Au,CBR,SHORT,3991.6,3996.2,3977.8,2.05,0,B,48%,6.9,,,,phá 3999.6 · hồi 48% · leg 6.9giá · VSA 2.0x,,
115,2026-07-21 09:53,A,CBR,LONG,4073.6,4070.6,4082.6,2.56,0,B,90%,1.0,,,,phá 4071.7 · hồi 90% · leg 1.0giá · VSA 2.6x tím,,
116,2026-07-21 15:20,Au,CBR,LONG,4083.0,4079.7,4092.9,2.47,0,B,40%,8.4,,,,phá 4074.9 · hồi 40% · leg 8.4giá · VSA 2.5x tím,,
117,2026-07-21 18:32,Au,CBR,LONG,4089.1,4085.6,4099.6,10.60,1,B,52%,12.8,,,,phá 4079.7 · hồi 52% · leg 12.8giá · VSA 10.6x tím,,
120,2026-07-22 09:39,A,CBR,SHORT,4118.8,4121.8,4109.8,2.20,0,B,47%,3.4,,,,phá 4123.2 · hồi 47% · leg 3.4giá · VSA 2.2x tím,,
121,2026-07-22 12:27,A,CBR,LONG,4135.8,4132.8,4144.8,2.80,0,B,81%,2.7,,,,phá 4132.8 · hồi 81% · leg 2.7giá · VSA 2.8x tím,,
124,2026-07-22 14:07,Au,CBR,LONG,4162.3,4158.4,4174.0,2.76,0,B,74%,13.7,,,,phá 4155.1 · hồi 74% · leg 13.7giá · VSA 2.8x tím,,
126,2026-07-22 19:52,My,QUAY_DAU,LONG,4137.7,4135.203,4141.446,3.66,0,B,,,✓,✓,,đảo chiều VWAP 4135.403 · rút râu dưới · VSA 3.7x tím · hấp thụ ✓,,
128,2026-07-23 08:18,A,CBR,SHORT,4094.1,4097.1,4085.1,2.06,0,B,83%,3.0,,,,phá 4095.9 · hồi 83% · leg 3.0giá · VSA 2.1x,,
130,2026-07-23 13:05,A,CBR,SHORT,4055.3,4059.9,4041.5,3.57,1,B,48%,6.3,,,,phá 4063.0 · hồi 48% · leg 6.3giá · VSA 3.6x tím,,
131,2026-07-24 01:06,My,CBR,SHORT,4045.6,4048.6,4036.6,3.91,0,B,57%,8.9,,,0.5R,phá 4050.8 · hồi 57% · leg 8.9giá · VSA 3.9x tím · TP vướng vùng ↧0.5R,,
132,2026-07-24 18:31,Au,CBR,SHORT,4056.5,4059.5,4047.5,3.89,0,B,50%,3.4,,,0.5R,phá 4060.6 · hồi 50% · leg 3.4giá · VSA 3.9x tím · TP vướng vùng ↧0.5R,,
135,2026-07-27 16:34,Au,CBR,LONG,4093.5,4090.5,4102.5,6.28,1,B,42%,10.1,,,0.2R,phá 4085.0 · hồi 42% · leg 10.1giá · VSA 6.3x tím · TP vướng vùng ↧0.2R,,
136,2026-07-27 17:06,Au,CBR,SHORT,4075.6,4078.9,4065.7,2.75,0,B,42%,4.3,,,0.9R,phá 4081.2 · hồi 42% · leg 4.3giá · VSA 2.8x tím · TP vướng vùng ↧0.9R,,
139,2026-07-28 10:08,A,CBR,SHORT,4023.8,4027.4,4013.0,7.28,0,B,88%,10.3,,,,phá 4028.4 · hồi 88% · leg 10.3giá · VSA 7.3x tím,,
140,2026-07-28 13:47,A,CBR,SHORT,4022.3,4025.5,4012.7,2.67,0,B,79%,7.6,,,,phá 4026.9 · hồi 79% · leg 7.6giá · VSA 2.7x tím,,
