ngay_gio,huong,kich_ban,vung,hop_luu,pha_gia,pha_rau%,nen_hoi,retrace%,giu_vung,entry,VSA,than%,delta,cpos,SL,risk_gia,TP,KQ,R,MFE_R,MAE_R,nen_KQ,mo_ta
2026-06-29 15:18,SHORT,KB2 cham&dao,D-1 VAH 4080.0,2,,,,,,4078.5,1.40,6,-1,0.12,4082.5,4.0,4072.5,WIN,+1.5,16.62,0.62,24,rau tren;D-1;VSA1.4x;hapthu:D<0
2026-06-30 20:10,SHORT,KB2 cham&dao,POC MY 4038.0,2,,,,,,4036.9,1.44,3,-12,0.14,4040.9,4.0,4030.9,LOSS,-1.0,0.27,1.55,8,rau tren;D-12;VSA1.4x;hapthu:D<0
2026-06-30 22:02,SHORT,KB2 cham&dao,VAL AU 4052.2,2,,,,,,4050.6,2.71,2,-110,0.40,4054.6,4.0,4044.6,WIN,+1.5,8.15,0.60,15,rau tren;D-110;VSA2.7x(tim);hapthu:D<0
2026-07-01 02:24,SHORT,KB2 cham&dao,POC MY 4038.0,2,,,,,,4036.7,1.25,71,-23,0.29,4040.7,4.0,4030.7,WIN,+1.5,13.42,0.38,29,than manh;D-23;VSA1.3x;hapthu:D<0
2026-07-01 18:50,SHORT,KB2 cham&dao,VAH AU 4048.3,1,,,,,,4047.8,1.82,0,-12,0.06,4051.8,4.0,4041.8,WIN,+1.5,5.30,0.30,12,rau tren;D-12;VSA1.8x;hapthu:D<0
2026-07-01 20:01,SHORT,KB2 cham&dao,POC MY 4038.0,3,,,,,,4036.4,1.33,39,-3,0.41,4040.4,4.0,4030.4,WIN,+1.5,2.45,0.42,6,rau tren;D-3;VSA1.3x;hapthu:D<0
2026-07-02 02:04,LONG,KB2 cham&dao,POC AU 4077.6,3,,,,,,4079.9,1.53,57,+38,1.00,4075.9,4.0,4085.9,LOSS,-1.0,0.57,1.20,15,than manh;D+38;VSA1.5x;hapthu:D>0
2026-07-02 05:22,LONG,KB2 cham&dao,VAH AU 4048.3,2,,,,,,4049.2,1.72,6,+13,0.78,4045.2,4.0,4055.2,WIN,+1.5,2.00,0.05,25,rau duoi;D+13;VSA1.7x;hapthu:D>0
2026-07-02 06:14,SHORT,KB1 pha&hoi,VWAP 4051.7,2,1.3,19,1,77,GIU,4049.6,1.72,70,-31,0.05,4053.6,4.0,4043.6,WIN,+1.5,1.70,0.83,49,than manh;D-31;VSA1.7x
2026-07-02 10:58,SHORT,KB2 cham&dao,POC MY 4083.8,1,,,,,,4082.3,1.42,82,-24,0.00,4086.3,4.0,4076.3,WIN,+1.5,4.28,0.67,27,than manh;D-24;VSA1.4x;hapthu:D<0
2026-07-02 12:57,LONG,KB2 cham&dao,POC AU 4077.6,2,,,,,,4079.5,1.94,45,+13,0.95,4075.5,4.0,4085.5,WIN,+1.5,3.25,0.42,5,rau duoi;D+13;VSA1.9x;hapthu:D>0
2026-07-02 13:01,LONG,KB2 cham&dao,Dinh AU 4083.2,1,,,,,,4083.7,1.32,0,+4,0.80,4079.7,4.0,4089.7,LOSS,-1.0,1.10,1.00,14,rau duoi;D+4;VSA1.3x;hapthu:D>0
2026-07-02 15:05,LONG,KB2 cham&dao,Dinh MY 4078.1,1,,,,,,4081.4,2.40,97,+37,1.00,4077.4,4.0,4087.4,WIN,+1.5,2.80,0.55,17,than manh;D+37;VSA2.4x(tim);hapthu:D>0
2026-07-02 16:57,LONG,KB2 cham&dao,Dinh MY 4078.1,1,,,,,,4079.5,1.21,38,+11,1.00,4075.5,4.0,4085.5,LOSS,-1.0,0.05,1.05,7,rau duoi;D+11;VSA1.2x;hapthu:D>0
2026-07-06 09:12,LONG,KB2 cham&dao,D-1 POC 4191.0,1,,,,,,4192.4,1.28,67,+29,0.93,4188.4,4.0,4198.4,WIN,+1.5,1.55,0.52,9,than manh;D+29;VSA1.3x;hapthu:D>0
2026-07-06 10:54,LONG,KB2 cham&dao,Day AU 4173.6,1,,,,,,4174.5,2.59,19,+25,0.94,4170.5,4.0,4180.5,LOSS,-1.0,1.03,1.33,39,rau duoi;D+25;VSA2.6x(tim);hapthu:D>0
2026-07-06 11:31,SHORT,KB2 cham&dao,VAL MY 4174.3,2,,,,,,4172.4,1.59,59,-17,0.00,4176.4,4.0,4166.4,WIN,+1.5,4.00,0.12,32,than manh;D-17;VSA1.6x;hapthu:D<0
2026-07-07 20:27,SHORT,KB2 cham&dao,Dinh A 4179.5,3,,,,,,4177.7,1.86,24,-27,0.24,4181.7,4.0,4171.7,LOSS,-1.0,0.75,1.23,4,rau tren;D-27;VSA1.9x;hapthu:D<0
2026-07-07 22:45,SHORT,KB2 cham&dao,VAH A 4158.9,1,,,,,,4157.1,1.67,9,-61,0.14,4161.1,4.0,4151.1,WIN,+1.5,13.60,0.17,9,rau tren;D-61;VSA1.7x;hapthu:D<0
2026-07-08 09:28,SHORT,KB2 cham&dao,VAL A 4133.3,2,,,,,,4131.9,1.39,29,-9,0.21,4135.9,4.0,4125.9,WIN,+1.5,1.97,0.10,23,rau tren;D-9;VSA1.4x;hapthu:D<0
2026-07-08 11:43,LONG,KB2 cham&dao,VAL A 4133.3,2,,,,,,4134.0,1.62,32,+25,0.58,4130.0,4.0,4140.0,WIN,+1.5,2.67,0.08,22,rau duoi;D+25;VSA1.6x;hapthu:D>0
2026-07-08 12:22,LONG,KB2 cham&dao,VAL A 4133.3,2,,,,,,4135.0,2.44,38,+31,0.95,4131.0,4.0,4141.0,WIN,+1.5,2.42,0.92,20,rau duoi;D+31;VSA2.4x(tim);hapthu:D>0
2026-07-08 14:00,LONG,KB2 cham&dao,VAH A 4132.8,3,,,,,,4134.8,2.39,15,+15,0.70,4130.8,4.0,4140.8,LOSS,-1.0,0.25,1.60,5,rau duoi;D+15;VSA2.4x(tim);hapthu:D>0
2026-07-09 08:00,LONG,KB2 cham&dao,D-1 POC 4082.0,1,,,,,,4084.3,4.72,22,+2,0.76,4080.3,4.0,4090.3,LOSS,-1.0,0.97,1.15,2,rau duoi;D+2;VSA4.7x(tim);hapthu:D>0
2026-07-09 21:55,LONG,KB1 pha&hoi,VAH A 4132.8,3,1.2,0,1,92,GIU,4134.0,1.84,25,+4,0.92,4130.0,4.0,4140.0,WIN,+1.5,3.60,0.33,11,rau duoi;D+4;VSA1.8x
2026-07-09 23:32,LONG,KB2 cham&dao,D-1 High 4144.7,4,,,,,,4147.8,3.59,58,+112,0.84,4143.8,4.0,4153.8,LOSS,-1.0,0.08,1.03,3,than manh;D+112;VSA3.6x(tim);hapthu:D>0
2026-07-10 01:26,LONG,KB2 cham&dao,VAH A 4132.8,1,,,,,,4134.0,1.29,8,+11,0.83,4130.0,4.0,4140.0,LOSS,-1.0,0.72,1.20,64,rau duoi;D+11;VSA1.3x;hapthu:D>0
2026-07-10 02:11,LONG,KB2 cham&dao,VAL A 4133.3,1,,,,,,4133.9,1.37,71,+20,0.71,4129.9,4.0,4139.9,LOSS,-1.0,0.28,1.17,19,than manh;D+20;VSA1.4x;hapthu:D>0
2026-07-10 03:57,SHORT,KB2 cham&dao,VAL A 4133.3,2,,,,,,4133.0,1.91,0,-3,0.00,4137.0,4.0,4127.0,WIN,+1.5,2.38,0.95,142,rau tren;D-3;VSA1.9x;hapthu:D<0
2026-07-10 05:28,SHORT,KB2 cham&dao,POC MY 4133.4,4,,,,,,4131.9,1.38,25,-6,0.00,4135.9,4.0,4125.9,WIN,+1.5,2.10,0.68,112,rau tren;D-6;VSA1.4x;hapthu:D<0
2026-07-10 05:41,SHORT,KB2 cham&dao,VAH A 4132.8,1,,,,,,4131.8,2.14,27,-8,0.00,4135.8,4.0,4125.8,WIN,+1.5,2.08,0.70,99,rau tren;D-8;VSA2.1x;hapthu:D<0
2026-07-10 07:00,SHORT,KB2 cham&dao,VAH A 4132.8,1,,,,,,4129.9,8.06,72,-65,0.03,4133.9,4.0,4123.9,LOSS,-1.0,0.22,1.18,4,than manh;D-65;VSA8.1x(tim);hapthu:D<0
2026-07-10 07:18,SHORT,KB2 cham&dao,VWAP 4132.3,2,,,,,,4130.0,1.82,90,-28,0.00,4134.0,4.0,4124.0,WIN,+1.5,1.62,0.38,16,than manh;D-28;VSA1.8x;hapthu:D<0
2026-07-10 10:39,SHORT,KB2 cham&dao,POC MY 4133.4,3,,,,,,4132.5,1.63,6,-11,0.24,4136.5,4.0,4126.5,WIN,+1.5,7.38,0.15,31,rau tren;D-11;VSA1.6x;hapthu:D<0
2026-07-10 13:24,SHORT,KB1 pha&hoi,VAL A 4127.2,3,2.5,21,4,96,GIU,4126.8,1.85,43,-3,0.43,4130.8,4.0,4120.8,WIN,+1.5,8.28,0.10,16,rau tren;D-3;VSA1.9x
2026-07-10 14:55,SHORT,KB2 cham&dao,D-1 POC 4117.0,3,,,,,,4115.6,1.88,42,-5,0.00,4119.6,4.0,4109.6,WIN,+1.5,3.15,0.67,42,rau tren;D-5;VSA1.9x;hapthu:D<0
2026-07-10 16:04,SHORT,KB2 cham&dao,VAL AU 4107.6,1,,,,,,4107.2,1.23,8,-4,0.23,4111.2,4.0,4101.2,LOSS,-1.0,0.33,1.00,13,rau tren;D-4;VSA1.2x;hapthu:D<0
2026-07-10 17:06,SHORT,KB1 pha&hoi,D-1 POC 4117.0,2,0.7,22,1,71,GIU,4115.5,1.62,94,-15,0.06,4119.5,4.0,4109.5,LOSS,-1.0,0.20,1.12,17,than manh;D-15;VSA1.6x
2026-07-10 20:04,LONG,KB2 cham&dao,VAL AU 4107.6,1,,,,,,4109.3,1.23,26,+6,0.83,4105.3,4.0,4115.3,WIN,+1.5,1.55,0.15,12,rau duoi;D+6;VSA1.2x;hapthu:D>0
2026-07-10 22:48,LONG,KB2 cham&dao,D-1 POC 4117.0,1,,,,,,4118.6,1.55,67,+29,0.90,4114.6,4.0,4124.6,WIN,+1.5,1.55,0.60,42,than manh;D+29;VSA1.5x;hapthu:D>0
2026-07-10 23:22,LONG,KB2 cham&dao,D-1 POC 4117.0,2,,,,,,4117.8,1.45,10,+5,0.76,4113.8,4.0,4123.8,WIN,+1.5,1.75,0.03,8,rau duoi;D+5;VSA1.4x;hapthu:D>0
2026-07-15 13:31,LONG,KB2 cham&dao,D-1 POC 4030.0,3,,,,,,4031.4,1.35,19,+32,0.84,4027.4,4.0,4037.4,WIN,+1.5,2.30,0.00,12,rau duoi;D+32;VSA1.3x;hapthu:D>0
2026-07-15 14:54,LONG,KB2 cham&dao,Day MY 4029.8,1,,,,,,4031.5,1.76,80,+37,0.85,4027.5,4.0,4037.5,LOSS,-1.0,0.30,1.02,6,than manh;D+37;VSA1.8x;hapthu:D>0
2026-07-15 22:15,SHORT,KB2 cham&dao,VAL MY 4051.3,2,,,,,,4050.3,2.61,0,-12,0.28,4054.3,4.0,4044.3,LOSS,-1.0,1.10,1.17,12,rau tren;D-12;VSA2.6x(tim);hapthu:D<0
2026-07-16 08:41,SHORT,KB2 cham&dao,VAL MY 4051.3,2,,,,,,4050.0,2.88,20,-55,0.36,4054.0,4.0,4044.0,WIN,+1.5,5.58,0.12,11,rau tren;D-55;VSA2.9x(tim);hapthu:D<0
2026-07-16 09:42,SHORT,KB2 cham&dao,VAH MY 4032.7,3,,,,,,4031.0,1.22,18,-5,0.32,4035.0,4.0,4025.0,LOSS,-1.0,0.12,1.00,4,rau tren;D-5;VSA1.2x;hapthu:D<0
2026-07-16 13:23,LONG,KB2 cham&dao,VAH MY 4032.7,2,,,,,,4034.0,1.64,5,+10,0.68,4030.0,4.0,4040.0,LOSS,-1.0,0.80,1.50,12,rau duoi;D+10;VSA1.6x;hapthu:D>0
2026-07-16 14:21,LONG,KB2 cham&dao,VAH A 4030.2,4,,,,,,4031.1,1.55,20,+13,0.80,4027.1,4.0,4037.1,WIN,+1.5,3.02,0.82,27,rau duoi;D+13;VSA1.5x;hapthu:D>0
2026-07-16 14:30,SHORT,KB2 cham&dao,Day MY 4029.8,1,,,,,,4028.5,1.93,35,-15,0.00,4032.5,4.0,4022.5,LOSS,-1.0,0.17,1.12,10,rau tren;D-15;VSA1.9x;hapthu:D<0
2026-07-16 14:40,LONG,KB1 pha&hoi,VAL A 4030.0,1,0.7,11,3,100,GIU,4032.6,2.12,87,+42,0.87,4028.6,4.0,4038.6,WIN,+1.5,2.65,0.38,22,than manh;D+42;VSA2.1x
2026-07-16 14:45,LONG,KB1 pha&hoi,VAL A 4031.1,3,2.4,88,5,88,GIU,4033.3,3.03,79,+110,0.92,4029.3,4.0,4039.3,WIN,+1.5,2.47,0.35,17,than manh;D+110;VSA3.0x(tim)
2026-07-16 16:02,LONG,KB1 pha&hoi,Dinh AU 4040.4,1,2.1,26,2,86,GIU,4041.5,1.48,23,+1,0.62,4037.5,4.0,4047.5,LOSS,-1.0,0.42,1.38,25,rau duoi;D+1;VSA1.5x
2026-07-16 17:51,SHORT,KB2 cham&dao,POC A 4037.9,2,,,,,,4037.0,1.95,0,-10,0.00,4041.0,4.0,4031.0,WIN,+1.5,2.70,0.12,25,rau tren;D-10;VSA1.9x;hapthu:D<0
2026-07-16 18:21,LONG,KB2 cham&dao,VAH A 4030.2,6,,,,,,4031.1,1.21,22,+5,0.56,4027.1,4.0,4037.1,LOSS,-1.0,0.12,1.23,4,rau duoi;D+5;VSA1.2x;hapthu:D>0
2026-07-16 18:44,LONG,KB2 cham&dao,D-1 POC 4040.0,3,,,,,,4040.6,1.39,27,+11,0.58,4036.6,4.0,4046.6,WIN,+1.5,1.95,0.00,4,rau duoi;D+11;VSA1.4x;hapthu:D>0
2026-07-16 19:07,LONG,KB2 cham&dao,POC A 4038.2,1,,,,,,4040.1,2.61,8,+165,0.61,4036.1,4.0,4046.1,LOSS,-1.0,0.12,1.02,3,rau duoi;D+165;VSA2.6x(tim);hapthu:D>0
2026-07-16 19:45,LONG,KB2 cham&dao,POC MY 4005.9,1,,,,,,4008.3,2.59,22,+123,0.78,4003.1,5.2,4016.1,LOSS,-1.0,0.96,1.52,5,rau duoi;D+123;VSA2.6x(tim);hapthu:D>0
2026-07-20 22:34,LONG,KB2 cham&dao,POC MY 4017.1,2,,,,,,4018.1,1.65,0,+20,1.00,4014.1,4.0,4024.1,LOSS,-1.0,1.18,1.17,60,rau duoi;D+20;VSA1.7x;hapthu:D>0
2026-07-20 23:30,SHORT,KB2 cham&dao,POC MY 4017.1,1,,,,,,4014.8,1.68,74,-20,0.19,4018.8,4.0,4008.8,WIN,+1.5,2.40,0.52,11,than manh;D-20;VSA1.7x;hapthu:D<0
2026-07-21 00:39,SHORT,KB1 pha&hoi,VAL AU 4016.5,1,1.8,33,11,83,GIU,4014.1,1.57,75,-42,0.12,4018.1,4.0,4008.1,WIN,+1.5,1.60,0.15,11,than manh;D-42;VSA1.6x
2026-07-21 05:27,LONG,KB2 cham&dao,D-1 POC 4012.0,3,,,,,,4012.3,1.20,33,+16,0.67,4008.3,4.0,4018.3,LOSS,-1.0,0.45,1.23,14,rau duoi;D+16;VSA1.2x;hapthu:D>0
2026-07-21 06:42,SHORT,KB2 cham&dao,D-1 POC 4012.0,1,,,,,,4011.1,1.44,13,-3,0.27,4015.1,4.0,4005.1,LOSS,-1.0,0.67,1.00,17,rau tren;D-3;VSA1.4x;hapthu:D<0
2026-07-23 08:03,LONG,KB1 pha&hoi,POC A 4133.0,2,9.7,63,4,98,GIU,4136.1,1.51,9,+5,0.91,4132.1,4.0,4142.1,WIN,+1.5,1.97,0.70,20,rau duoi;D+5;VSA1.5x
2026-07-23 10:41,SHORT,KB2 cham&dao,POC A 4133.0,2,,,,,,4131.9,2.12,15,-1,0.08,4135.9,4.0,4125.9,WIN,+1.5,14.05,0.10,22,rau tren;D-1;VSA2.1x;hapthu:D<0
2026-07-23 12:47,SHORT,KB2 cham&dao,POC A 4133.0,2,,,,,,4132.0,1.33,19,-11,0.12,4136.0,4.0,4126.0,WIN,+1.5,22.35,0.00,8,rau tren;D-11;VSA1.3x;hapthu:D<0
2026-07-25 02:16,LONG,KB2 cham&dao,POC MY 4051.7,1,,,,,,4053.1,2.12,23,+10,1.00,4049.1,4.0,4059.1,WIN,+1.5,1.77,0.45,24,rau duoi;D+10;VSA2.1x;hapthu:D>0
